[1,["c05eIJZAxBzLkWnzoN6DXA"],["spriteFrame"],[["cc.BitmapFont",["_name","fontSize","_fntConfig"],0]],[[0,0,1,2,4]],[[0,"font-nextlevel-export",32,{"commonHeight":128,"fontSize":32,"atlasName":"font-nextlevel-export.png","fontDefDictionary":{"9":{"xOffset":0,"yOffset":0,"xAdvance":16,"rect":{"x":0,"y":0,"width":0,"height":0}},"32":{"xOffset":0,"yOffset":0,"xAdvance":4,"rect":{"x":0,"y":0,"width":0,"height":0}},"48":{"xOffset":0,"yOffset":50,"xAdvance":56,"rect":{"x":0,"y":78,"width":56,"height":78}},"49":{"xOffset":0,"yOffset":51,"xAdvance":28,"rect":{"x":155,"y":157,"width":28,"height":77}},"50":{"xOffset":0,"yOffset":50,"xAdvance":47,"rect":{"x":0,"y":157,"width":47,"height":77}},"51":{"xOffset":0,"yOffset":50,"xAdvance":47,"rect":{"x":155,"y":0,"width":47,"height":78}},"52":{"xOffset":0,"yOffset":51,"xAdvance":57,"rect":{"x":0,"y":0,"width":57,"height":77}},"53":{"xOffset":0,"yOffset":51,"xAdvance":47,"rect":{"x":58,"y":0,"width":47,"height":77}},"54":{"xOffset":0,"yOffset":49,"xAdvance":48,"rect":{"x":106,"y":0,"width":48,"height":79}},"55":{"xOffset":0,"yOffset":51,"xAdvance":45,"rect":{"x":155,"y":79,"width":45,"height":77}},"56":{"xOffset":0,"yOffset":50,"xAdvance":48,"rect":{"x":106,"y":80,"width":48,"height":78}},"57":{"xOffset":0,"yOffset":50,"xAdvance":48,"rect":{"x":57,"y":78,"width":48,"height":79}}},"kerningDict":{}}]],0,0,[0],[0],[0]]