[1,["22IkZ4Gz5KuIXQHaKkQxmj"],["spriteFrame"],[["cc.BitmapFont",["_name","fontSize","_fntConfig"],0]],[[0,0,1,2,4]],[[0,"num-export",32,{"commonHeight":45,"fontSize":32,"atlasName":"num-export.png","fontDefDictionary":{"9":{"xOffset":0,"yOffset":0,"xAdvance":16,"rect":{"x":0,"y":0,"width":0,"height":0}},"32":{"xOffset":0,"yOffset":0,"xAdvance":4,"rect":{"x":0,"y":0,"width":0,"height":0}},"48":{"xOffset":0,"yOffset":-14,"xAdvance":47,"rect":{"x":51,"y":118,"width":49,"height":59}},"49":{"xOffset":0,"yOffset":-13,"xAdvance":26,"rect":{"x":200,"y":0,"width":28,"height":57}},"50":{"xOffset":0,"yOffset":-14,"xAdvance":41,"rect":{"x":146,"y":119,"width":43,"height":57}},"51":{"xOffset":0,"yOffset":-14,"xAdvance":41,"rect":{"x":190,"y":60,"width":43,"height":59}},"52":{"xOffset":0,"yOffset":-13,"xAdvance":48,"rect":{"x":0,"y":118,"width":50,"height":57}},"53":{"xOffset":0,"yOffset":-13,"xAdvance":41,"rect":{"x":146,"y":60,"width":43,"height":58}},"54":{"xOffset":0,"yOffset":-14,"xAdvance":42,"rect":{"x":111,"y":0,"width":44,"height":59}},"55":{"xOffset":0,"yOffset":-13,"xAdvance":39,"rect":{"x":190,"y":120,"width":41,"height":58}},"56":{"xOffset":0,"yOffset":-14,"xAdvance":41,"rect":{"x":156,"y":0,"width":43,"height":59}},"57":{"xOffset":0,"yOffset":-14,"xAdvance":42,"rect":{"x":101,"y":174,"width":44,"height":59}},"69":{"xOffset":0,"yOffset":-13,"xAdvance":35,"rect":{"x":146,"y":177,"width":37,"height":56}},"71":{"xOffset":0,"yOffset":-14,"xAdvance":53,"rect":{"x":0,"y":58,"width":55,"height":59}},"75":{"xOffset":0,"yOffset":-13,"xAdvance":45,"rect":{"x":56,"y":58,"width":47,"height":57}},"77":{"xOffset":0,"yOffset":-13,"xAdvance":63,"rect":{"x":0,"y":0,"width":65,"height":57}},"80":{"xOffset":0,"yOffset":-13,"xAdvance":42,"rect":{"x":66,"y":0,"width":44,"height":57}},"84":{"xOffset":0,"yOffset":-13,"xAdvance":42,"rect":{"x":101,"y":116,"width":44,"height":57}},"89":{"xOffset":0,"yOffset":-13,"xAdvance":45,"rect":{"x":0,"y":176,"width":47,"height":57}},"90":{"xOffset":0,"yOffset":-13,"xAdvance":45,"rect":{"x":48,"y":178,"width":47,"height":56}}},"kerningDict":{}}]],0,0,[0],[0],[0]]