{"paths":{"0":["boom3",3],"1":["sprites",2],"2":["khung",2],"3":["bomb",2],"4":["txt-wonderful",2],"5":["txt-fantastic",2],"6":["setting",2],"7":["playvid",2],"8":["nothanks",2],"9":["boom",3],"10":["streak",2],"11":["glow2",2],"12":["sound-on",2],"13":["coinn",2],"14":["sound-off",2],"15":["num-export",2],"16":["txt-cool",2],"17":["test_13",2],"18":["tabtocontinue1",2],"19":["assist",2],"20":["cancel",2],"21":["tabcontinue0",2],"22":["danger",2],"23":["tabcontinue",2],"24":["revite",2],"25":["txt-perfect",2],"26":["lvup-circle",2],"27":["bg2",2],"28":["progess01",2],"29":["boom4",3],"30":["x2ball",2],"31":["progess2",2],"32":["levelup",2],"33":["gameover",2],"34":["next",2],"35":["num-x2",2],"36":["boom2",2],"37":["font-nextlevel-export",2],"38":["coin",2],"39":["x2",2],"40":["progess",2],"41":["progess1",2],"42":["txt-fantastic",1,1],"43":["progess2",1,1],"44":["tabcontinue",1,1],"45":["playvid",1,1],"46":["tabtocontinue1",1,1],"47":["tabcontinue0",1,1],"48":["num-export",1,1],"49":["num-x2",1,1],"50":["Ball",0],"51":["lvup-circle",1,1],"52":["glow2",1,1],"53":["bg2",1,1],"54":["txt-perfect",1,1],"55":["assist",1,1],"56":["progess1",1,1],"57":["progess",1,1],"58":["sound-on",1,1],"59":["x2ball",1,1],"60":["test_13",1,1],"61":["streak",1,1],"62":["bomb",1,1],"63":["gameover",1,1],"64":["revite",1,1],"65":["next",1,1],"66":["setting",1,1],"67":["txt-cool",1,1],"68":["txt-wonderful",1,1],"69":["font-nextlevel-export",4],"70":["levelup",1,1],"71":["x2",1,1],"72":["Ball2",0],"73":["coin",1,1],"75":["cancel",1,1],"76":["progess01",1,1],"77":["sprites",5],"79":["AnimBoom",0],"80":["sound-off",1,1],"81":["boom2",1,1],"82":["font-nextlevel-export",1,1],"83":["khung",1,1],"85":["num-export",4],"86":["coinn",1,1],"87":["danger",1,1],"88":["nothanks",1,1]},"types":["cc.Prefab","cc.SpriteFrame","cc.Texture2D","cc.AudioClip","cc.BitmapFont","cc.SpriteAtlas"],"uuids":["01ln0ecTRAD7KptFNjf1IT","020J7vre5Bja3gXYt6PBsz","0dEccx7xpELaCsJLPMdUVF","0dyjCc4j1Kp7i3r5rn4NGQ","10acBeJeVB1JpB3p6Fduoi","107ihS50dGXpBRxf+awrNa","1b8YMeIBNERblArwUkb+98","1foVV3A/tPlKT3v9h2vpOs","20USpB5YZKyL1bd4T/UvFE","28dGlzqf5FIagV4lJWhWnf","381Bzv0GBKPrsen8y7KuzX","3eKlU7ZGpP1JuSdN7E63WX","3eRtrp/ORJRaTZeu8t3mfH","42eOT4K2NHyY40BChyAJ3m","4589seKXNJbp4Pel3w8HUl","46TUyOyflMgqzlwkqXWt4Q","4865ldZ3tDNrl4mlcNPLjT","49OOq2pGZJTaQvApbQnOTB","4fXMuQeiNE+J6MBmOwOmo8","4fhY3KSoNOobRFiS3lbOG+","51iEWH72hLtbXuJWoBoyq5","5c0zGd2aRIoa+hBzZaP9mh","5dJRVlKS5D7ZZ0LL0yipWm","6brcsM3y1MN72R+UU7QcPy","75uXx/pRpAnrBTON/Fcedp","82Klj53Y9A64jobayyk6XI","88YyFYbo9Kg7YQ6W8gFyKy","8ax994iTpO9KN9ZoWkFUrM","92barNs+xHcbDg1jmUwG78","924gKx67VIw6ENmdNxu4w6","a6MuynIt5PAIogT/0KDzTw","a7EiL5n2dMUrFMoqMdlv68","a7+qi2JwNEWbmzfq9jkDRJ","c6dXhhGlZF37aBijXGmQ43","ca4cpq9gJGuY4rueoMXtkF","cexJwvn6pK0Ji742HpL3fy","d2b/nH2RJIWKazek//pAoG","e1nGAcjBpJSIboONdV88aS","f3Q/fIrjBOa7dR3zL+Vq1r","f7BgQM9Y9E3awBaMsQsCng","f9CpGXu9tEqZFC9MUNuLVu","ffaQTrotlNT5irToCmc4w6","04QesDaXlAzK+K+O0upflT","0aRu9IW+JI84OLi4iN045h","16LObQmMtEvbTrF/Q6C8A6","18H03HqtFIFo0S+pcwBgtk","19lOURabFI4KuP8e14j5oc","1d7qF6xiVLOaG146QEJe78","22IkZ4Gz5KuIXQHaKkQxmj","25EyjUfDZPh74MU8KC0VqP","311wSkQ5dMZ47mha5Djjna","33mQLtsXRBg6Fn1TOp7R0f","34ribLPcBD+L0BUn2Hc1Ui","353QlD+QNOo6uMMBs88x/Y","3bKFiTrJhHd4VF1qHQWKe6","41Ff8dCDNI+LMzoDJ2t2wH","4113z4AbVJsL70373/KGAi","4cdMcMIztE2KqfidshMwKN","4fX6wS1IdIbKrOiphAiCmg","4fagJWoGZJOrf4uhQ2M5qu","52evUKA5xHkY53tLcMBlBD","59/THeqVpKHaLnUeatiFBG","67BP3xwk1EHY8uf9nuFxYy","6aUPvV1h1Li4Z6xpSjKMua","71OWzl6J5EgIWal6SZDv2j","74K4rlgXNOEomS2N3j2NHi","7dvCQEO+pH1ap0A6CXVWrx","7eIMlEphVMnrU4ISZ+v6Cq","806atzTOBPLLxHcOC/x97M","84ibm9QEhECaWviXXrbgo/","8809wZb8tMHbKbOaRKDUCO","92APqWUQBDFqCnaV/eM+zv","996dHqqMRF86EbmFgYwB8y","9abNh3q/pI/ZyGDMOucr9g","afSvkDMWNC9LEdwPzn+qsP","b0xWQ1ZWlBoJukow3esHaN","b1oLecWGFB1ZLYDo+z4wsU","b11lPd6SdMwqYY/yXqp1x6","b2aHrECZ5APKGS/0d2hvT1","b8upG4i1BEo7HxemtPIsWL","bebaWPzhdLA61yeEoRMSGe","beoX0joVdIW6KE7wRMgZbz","c05eIJZAxBzLkWnzoN6DXA","cd7Wc1tG5HFamuSte0Y9hD","d0qC05vt5GxLaYyB/w3t//","e72CI2tapO1LxEXho5y6rE","f2F+KwLwpDD5z/Qe84Y1VZ","f6NjiKvetKAYpzUJeClmpM","fbYF9DEEFMAozOfLztIYZ0","02delMVqdBD70a/HSD99FK","086eUiicxHw6pQ2M0OLpws","08/VyFEWZLNIbSsJ8S0JLh","220IlWv/9JSbPk361DFrDh","47LfXTNedBhJ5sf0G+5l7j","48fVP6cBRBFYpp0GWh2ykC","523WZFNn9Myow//Yz+qByT","72cTzQ7wdDW6M13px7smTq","7eVvsyRXNCTaPvYUX6sNku","81ZbeVrB9F9o+ggkpiERDR","868WBbvGNPpq5l+nHxXny6","a2MjXRFdtLlYQ5ouAFv/+R","b7hAWl6MVLtL600a3PO+7X","d3L2CLW29OjLU/4MPM2MJ5","e2l5XLRT9HVaDphjtCUzHG","ecpdLyjvZBwrvm+cedCcQy"],"scenes":{"db://assets/2048/Game.fire":74},"redirect":[89,0,104,0],"deps":["internal"],"packs":null,"name":"2048","importBase":"import","nativeBase":"native","debug":false,"isZip":false,"encrypted":false,"versions":{"import":[0,"3e657",1,"7871f",42,"84ed4",90,"9f863",91,"63f24",43,"02985",2,"7871f",3,"7871f",4,"7871f",5,"7871f",44,"98596",45,"1722c",46,"c8043",6,"7871f",47,"197a7",7,"7871f",8,"7871f",48,"b393e",92,"99c28",49,"f1380",9,"b82a4",50,"946f5",51,"c50a4",52,"c6f34",53,"ce78d",10,"7871f",54,"21297",11,"7871f",12,"7871f",55,"274d7",56,"1c72f",13,"7871f",14,"7871f",15,"7871f",93,"68d39",94,"b1e71",16,"7871f",17,"7871f",57,"99259",18,"7871f",58,"e61be",59,"46787",19,"7871f",20,"7871f",60,"1852d",95,"bab74",61,"8a4f0",21,"7871f",22,"7871f",62,"63008",63,"634bd",23,"7871f",64,"efb15",96,"0ae0b",65,"c5f3f",24,"7871f",66,"21505",67,"9caee",97,"0d2db",68,"90186",98,"b416a",25,"7871f",69,"78f12",99,"7c3fc",26,"7871f",70,"448ca",27,"7871f",71,"a89ac",28,"7871f",29,"9db23",72,"053be",73,"8b81f",100,"43d76",30,"7871f",31,"7871f",32,"7871f",74,"2ec87",75,"15eb5",76,"1a2b5",77,"49286",78,"608ab",101,"0dd45",79,"db5be",80,"41ea7",81,"77fec",82,"8cc9d",33,"7871f",34,"7871f",83,"635eb",35,"7871f",84,"7871f",36,"7871f",102,"2240c",37,"7871f",103,"9bfdb",85,"0c2fc",86,"f9476",38,"7871f",87,"258f2",39,"7871f",40,"7871f",88,"60000",41,"7871f"],"native":[0,"85724",1,"30bf3",2,"8f2c2",3,"386d2",4,"c22b1",5,"6bb37",6,"a9e07",7,"c8956",8,"1dc7b",9,"3d46e",10,"9a80f",11,"a258c",12,"b2c25",13,"9cb1b",14,"22e3d",15,"f99f1",16,"5ae2f",17,"b8165",18,"52aa9",19,"dbffd",20,"2b128",21,"75f5a",22,"3538d",23,"4b9a5",24,"93279",25,"7e7ba",26,"1c1fc",27,"3ad41",28,"07175",29,"80b92",30,"86fec",31,"23527",32,"56e59",78,"2bf0b",33,"263a4",34,"629a8",35,"7ef64",84,"841f5",36,"5c7d7",37,"18eed",38,"27553",39,"8e9f3",40,"d0a92",41,"1c128"]}}